X,Y,id,name,highway
-72.7358152,42.8401998,250134206,Town Trail,footway
-72.735901,42.8404988,250134206,Town Trail,footway
-72.7359064,42.8406797,250134206,Town Trail,footway
-72.7359171,42.8407387,250134206,Town Trail,footway
-72.7358796,42.8408292,250134206,Town Trail,footway
-72.7358474,42.8409118,250134206,Town Trail,footway
-72.7358474,42.8410101,250134206,Town Trail,footway
-72.7358259,42.8411478,250134206,Town Trail,footway
-72.7357991,42.8412422,250134206,Town Trail,footway
-72.7357723,42.8413209,250134206,Town Trail,footway
-72.7357455,42.8414231,250134206,Town Trail,footway
-72.7357455,42.8415057,250134206,Town Trail,footway
-72.7356918,42.8416355,250134206,Town Trail,footway
-72.735665,42.8417889,250134206,Town Trail,footway
-72.735665,42.8419227,250134206,Town Trail,footway
-72.7356221,42.8420407,250134206,Town Trail,footway
-72.7356113,42.8421626,250134206,Town Trail,footway
-72.7355792,42.8422609,250134206,Town Trail,footway
-72.7355362,42.842375,250134206,Town Trail,footway
-72.735488,42.8424812,250134206,Town Trail,footway
-72.7354772,42.8425795,250134206,Town Trail,footway
-72.735445,42.8426975,250134206,Town Trail,footway
-72.7354021,42.8427801,250134206,Town Trail,footway
-72.7354021,42.8428431,250134206,Town Trail,footway
-72.7354504,42.8429021,250134206,Town Trail,footway
-72.7354772,42.8429611,250134206,Town Trail,footway
-72.7354611,42.8430515,250134206,Town Trail,footway
-72.7354558,42.8430987,250134206,Town Trail,footway
-72.7354236,42.8431695,250134206,Town Trail,footway
-72.7353914,42.8432639,250134206,Town Trail,footway
-72.7353646,42.8433662,250134206,Town Trail,footway
-72.7353431,42.8434409,250134206,Town Trail,footway
-72.7353378,42.8434999,250134206,Town Trail,footway
-72.735327,42.8436258,250134206,Town Trail,footway
-72.7353163,42.8437556,250134206,Town Trail,footway
-72.7352841,42.8438657,250134206,Town Trail,footway
-72.7352573,42.8439994,250134206,Town Trail,footway
-72.7352144,42.8441371,250134206,Town Trail,footway
-72.7351339,42.844263,250134206,Town Trail,footway
-72.7350427,42.8443731,250134206,Town Trail,footway
-72.7349783,42.8445108,250134206,Town Trail,footway
-72.7349408,42.8446406,250134206,Town Trail,footway
-72.7349408,42.8447743,250134206,Town Trail,footway
-72.7349354,42.8450103,250134206,Town Trail,footway
-72.7349086,42.8451401,250134206,Town Trail,footway
-72.7348871,42.8452581,250134206,Town Trail,footway
-72.7348871,42.8453721,250134206,Town Trail,footway
-72.7349462,42.8455098,250134206,Town Trail,footway
-72.7350052,42.8455924,250134206,Town Trail,footway
-72.7350749,42.8456593,250134206,Town Trail,footway
-72.7351017,42.8457654,250134206,Town Trail,footway
-72.7351285,42.8458952,250134206,Town Trail,footway
-72.7351124,42.846025,250134206,Town Trail,footway
-72.7350803,42.8461312,250134206,Town Trail,footway
-72.735032,42.8462571,250134206,Town Trail,footway
-72.7349891,42.8463633,250134206,Town Trail,footway
-72.7349622,42.8464931,250134206,Town Trail,footway
-72.7349462,42.8465914,250134206,Town Trail,footway
-72.7349408,42.8466701,250134206,Town Trail,footway
-72.7348979,42.8467684,250134206,Town Trail,footway
-72.7348442,42.8468864,250134206,Town Trail,footway
-72.7348281,42.8469847,250134206,Town Trail,footway
-72.734812,42.8470712,250134206,Town Trail,footway
-72.7348139,42.8471338,250134206,Town Trail,footway
-72.7348067,42.8471892,250134206,Town Trail,footway
-72.734753,42.8472993,250134206,Town Trail,footway
-72.7347262,42.8474291,250134206,Town Trail,footway
-72.7346833,42.8475825,250134206,Town Trail,footway
-72.7346189,42.8477084,250134206,Town Trail,footway
-72.7346028,42.8478185,250134206,Town Trail,footway
-72.7346136,42.8479837,250134206,Town Trail,footway
-72.7345921,42.8480938,250134206,Town Trail,footway
-72.7346028,42.8482315,250134206,Town Trail,footway
-72.7346457,42.8483377,250134206,Town Trail,footway
-72.7346726,42.8484242,250134206,Town Trail,footway
-72.7347101,42.8485658,250134206,Town Trail,footway
-72.734753,42.8488135,250134206,Town Trail,footway
-72.734753,42.8490102,250134206,Town Trail,footway
-72.7347262,42.849195,250134206,Town Trail,footway
-72.7346994,42.8493209,250134206,Town Trail,footway
-72.7346189,42.8494782,250134206,Town Trail,footway
-72.7345599,42.8496434,250134206,Town Trail,footway
-72.7345063,42.8497889,250134206,Town Trail,footway
-72.7344258,42.849899,250134206,Town Trail,footway
-72.7342971,42.8500367,250134206,Town Trail,footway
-72.7341683,42.8501743,250134206,Town Trail,footway
-72.734061,42.8503198,250134206,Town Trail,footway
-72.7340127,42.8504653,250134206,Town Trail,footway
-72.7339376,42.850603,250134206,Town Trail,footway
-72.7338679,42.8507131,250134206,Town Trail,footway
-72.7337928,42.8508154,250134206,Town Trail,footway
-72.7337392,42.8509294,250134206,Town Trail,footway
-72.7336587,42.8510671,250134206,Town Trail,footway
-72.7335729,42.851244,250134206,Town Trail,footway
-72.733546,42.8513896,250134206,Town Trail,footway
-72.7334763,42.8516137,250134206,Town Trail,footway
-72.7352002,42.8458204,250136704,Ridge Trail,footway
-72.7353053,42.8458912,250136704,Ridge Trail,footway
-72.7353697,42.8459934,250136704,Ridge Trail,footway
-72.7355199,42.8461114,250136704,Ridge Trail,footway
-72.7355199,42.8462451,250136704,Ridge Trail,footway
-72.735595,42.8463474,250136704,Ridge Trail,footway
-72.7357559,42.846371,250136704,Ridge Trail,footway
-72.7359598,42.8464261,250136704,Ridge Trail,footway
-72.7361743,42.846371,250136704,Ridge Trail,footway
-72.736346,42.8463159,250136704,Ridge Trail,footway
-72.7364211,42.8461901,250136704,Ridge Trail,footway
-72.7365069,42.8460878,250136704,Ridge Trail,footway
-72.7366893,42.8460013,250136704,Ridge Trail,footway
-72.7367644,42.8459148,250136704,Ridge Trail,footway
-72.7368073,42.8457181,250136704,Ridge Trail,footway
-72.7368073,42.8456552,250136704,Ridge Trail,footway
-72.7369683,42.8455844,250136704,Ridge Trail,footway
-72.7371185,42.845545,250136704,Ridge Trail,footway
-72.7372365,42.845427,250136704,Ridge Trail,footway
-72.7373438,42.8452933,250136704,Ridge Trail,footway
-72.7375047,42.8452068,250136704,Ridge Trail,footway
-72.7375069,42.8450731,250136704,Ridge Trail,footway
-72.7376013,42.8449551,250136704,Ridge Trail,footway
-72.7376656,42.8448135,250136704,Ridge Trail,footway
-72.7377622,42.8447112,250136704,Ridge Trail,footway
-72.7378373,42.8446561,250136704,Ridge Trail,footway
-72.7378695,42.8445617,250136704,Ridge Trail,footway
-72.7378695,42.8444437,250136704,Ridge Trail,footway
-72.7379339,42.8443258,250136704,Ridge Trail,footway
-72.7379553,42.8442235,250136704,Ridge Trail,footway
-72.7380841,42.8440662,250136704,Ridge Trail,footway
-72.7382021,42.8439875,250136704,Ridge Trail,footway
-72.7382986,42.8439088,250136704,Ridge Trail,footway
-72.7383008,42.8437908,250136704,Ridge Trail,footway
-72.7382021,42.8436807,250136704,Ridge Trail,footway
-72.7381184,42.8435312,250136704,Ridge Trail,footway
-72.7381484,42.8434447,250136704,Ridge Trail,footway
-72.7383115,42.8432874,250136704,Ridge Trail,footway
-72.7384167,42.8431615,250136704,Ridge Trail,footway
-72.7385368,42.8430828,250136704,Ridge Trail,footway
-72.7386742,42.8429884,250136704,Ridge Trail,footway
-72.7388587,42.8429334,250136704,Ridge Trail,footway
-72.7390604,42.8428862,250136704,Ridge Trail,footway
-72.739114,42.8427682,250136704,Ridge Trail,footway
-72.739114,42.8425794,250136704,Ridge Trail,footway
-72.739114,42.8424614,250136704,Ridge Trail,footway
-72.7392428,42.8423984,250136704,Ridge Trail,footway
-72.7393308,42.8422568,250136704,Ridge Trail,footway
-72.7393823,42.8421231,250136704,Ridge Trail,footway
-72.7394466,42.8419736,250136704,Ridge Trail,footway
-72.7394574,42.8418556,250136704,Ridge Trail,footway
-72.7394574,42.8416668,250136704,Ridge Trail,footway
-72.7393823,42.8414308,250136704,Ridge Trail,footway
-72.7392857,42.8413443,250136704,Ridge Trail,footway
-72.7391033,42.8413443,250136704,Ridge Trail,footway
-72.7391569,42.8413443,250136704,Ridge Trail,footway
-72.7391033,42.8413443,250136704,Ridge Trail,footway
-72.7390067,42.8412578,250136704,Ridge Trail,footway
-72.7389531,42.8411476,250136704,Ridge Trail,footway
-72.7388673,42.8410611,250136704,Ridge Trail,footway
-72.7387063,42.8409667,250136704,Ridge Trail,footway
-72.738481,42.8409195,250136704,Ridge Trail,footway
-72.7383222,42.840888,250136704,Ridge Trail,footway
-72.7381592,42.8408644,250136704,Ridge Trail,footway
-72.7379875,42.8409038,250136704,Ridge Trail,footway
-72.7378373,42.8409195,250136704,Ridge Trail,footway
-72.7376656,42.8409038,250136704,Ridge Trail,footway
-72.7374961,42.8408802,250136704,Ridge Trail,footway
-72.7373545,42.8409588,250136704,Ridge Trail,footway
-72.737333,42.841124,250136704,Ridge Trail,footway
-72.7372386,42.8412971,250136704,Ridge Trail,footway
-72.7371399,42.8414544,250136704,Ridge Trail,footway
-72.7369683,42.8415882,250136704,Ridge Trail,footway
-72.7368073,42.8417848,250136704,Ridge Trail,footway
-72.7366893,42.8419028,250136704,Ridge Trail,footway
-72.7365391,42.842013,250136704,Ridge Trail,footway
-72.7364855,42.8421624,250136704,Ridge Trail,footway
-72.7362387,42.8423198,250136704,Ridge Trail,footway
-72.7360134,42.8424378,250136704,Ridge Trail,footway
-72.7358847,42.84254,250136704,Ridge Trail,footway
-72.735683,42.8426423,250136704,Ridge Trail,footway
-72.7354877,42.842776,250136704,Ridge Trail,footway
-72.735434,42.8428154,250136704,Ridge Trail,footway
-72.7352753,42.8428862,250136705,Old Oaks Trail,footway
-72.7353697,42.8428468,250136705,Old Oaks Trail,footway
-72.735198,42.8429491,250136705,Old Oaks Trail,footway
-72.7350049,42.8429491,250136705,Old Oaks Trail,footway
-72.7348225,42.8428862,250136705,Old Oaks Trail,footway
-72.7347689,42.8427682,250136705,Old Oaks Trail,footway
-72.7347259,42.842658,250136705,Old Oaks Trail,footway
-72.7346294,42.84254,250136705,Old Oaks Trail,footway
-72.7345114,42.8424614,250136705,Old Oaks Trail,footway
-72.7344577,42.8423827,250136705,Old Oaks Trail,footway
-72.7343397,42.8422804,250136705,Old Oaks Trail,footway
-72.7342989,42.8421467,250136705,Old Oaks Trail,footway
-72.734329,42.8419736,250136705,Old Oaks Trail,footway
-72.734329,42.8418478,250136705,Old Oaks Trail,footway
-72.7342431,42.8417455,250136705,Old Oaks Trail,footway
-72.7340414,42.8416511,250136705,Old Oaks Trail,footway
-72.7339105,42.8416118,250136705,Old Oaks Trail,footway
-72.7337711,42.8415095,250136705,Old Oaks Trail,footway
-72.7336423,42.8413836,250136705,Old Oaks Trail,footway
-72.7334921,42.8412735,250136705,Old Oaks Trail,footway
-72.7332883,42.8412971,250136705,Old Oaks Trail,footway
-72.7331059,42.8413364,250136705,Old Oaks Trail,footway
-72.7328827,42.8413522,250136705,Old Oaks Trail,footway
-72.7327325,42.8413915,250136705,Old Oaks Trail,footway
-72.7325265,42.8413443,250136705,Old Oaks Trail,footway
-72.7322583,42.841242,250136705,Old Oaks Trail,footway
-72.7320781,42.8411555,250136705,Old Oaks Trail,footway
-72.7319257,42.8410768,250136705,Old Oaks Trail,footway
-72.7318854,42.8410768,250136705,Old Oaks Trail,footway
-72.7316811,42.8410768,250136705,Old Oaks Trail,footway
-72.7315931,42.8412184,250136705,Old Oaks Trail,footway
-72.7314322,42.8412971,250136705,Old Oaks Trail,footway
-72.7313056,42.8414623,250136705,Old Oaks Trail,footway
-72.7310674,42.8415803,250136705,Old Oaks Trail,footway
-72.7308657,42.8417376,250136705,Old Oaks Trail,footway
-72.7307455,42.8419343,250136705,Old Oaks Trail,footway
-72.7306297,42.8421703,250136705,Old Oaks Trail,footway
-72.7306919,42.8423591,250136705,Old Oaks Trail,footway
-72.7307026,42.8425243,250136705,Old Oaks Trail,footway
-72.7306383,42.8427131,250136705,Old Oaks Trail,footway
-72.7306061,42.842894,250136705,Old Oaks Trail,footway
-72.7305417,42.8430671,250136705,Old Oaks Trail,footway
-72.73037,42.8431851,250136705,Old Oaks Trail,footway
-72.7301018,42.8432638,250136705,Old Oaks Trail,footway
-72.7299516,42.843366,250136705,Old Oaks Trail,footway
-72.7298872,42.8434604,250136705,Old Oaks Trail,footway
-72.7299409,42.8436728,250136705,Old Oaks Trail,footway
-72.7299409,42.8437908,250136705,Old Oaks Trail,footway
-72.7300589,42.8439324,250136705,Old Oaks Trail,footway
-72.7301555,42.8441684,250136705,Old Oaks Trail,footway
-72.7302842,42.8443258,250136705,Old Oaks Trail,footway
-72.7303164,42.8445224,250136705,Old Oaks Trail,footway
-72.7304773,42.8446011,250136705,Old Oaks Trail,footway
-72.7306919,42.8446404,250136705,Old Oaks Trail,footway
-72.7308957,42.8446404,250136705,Old Oaks Trail,footway
-72.7310567,42.8445775,250136705,Old Oaks Trail,footway
-72.7311747,42.844428,250136705,Old Oaks Trail,footway
-72.7311747,42.8442864,250136705,Old Oaks Trail,footway
-72.7311854,42.844137,250136705,Old Oaks Trail,footway
-72.7311962,42.8439954,250136705,Old Oaks Trail,footway
-72.7313378,42.8438695,250136705,Old Oaks Trail,footway
-72.7315609,42.8437594,250136705,Old Oaks Trail,footway
-72.7317755,42.8436807,250136705,Old Oaks Trail,footway
-72.731915,42.8436807,250136705,Old Oaks Trail,footway
-72.7319493,42.8437751,250136705,Old Oaks Trail,footway
-72.7321081,42.8437908,250136705,Old Oaks Trail,footway
-72.7322905,42.8438223,250136705,Old Oaks Trail,footway
-72.7324192,42.8438931,250136705,Old Oaks Trail,footway
-72.7325694,42.8440111,250136705,Old Oaks Trail,footway
-72.7326767,42.8440898,250136705,Old Oaks Trail,footway
-72.7328484,42.8441763,250136705,Old Oaks Trail,footway
-72.7331166,42.8442078,250136705,Old Oaks Trail,footway
-72.7333226,42.8442078,250136705,Old Oaks Trail,footway
-72.7334278,42.8442156,250136705,Old Oaks Trail,footway
-72.7334278,42.8444123,250136705,Old Oaks Trail,footway
-72.7335565,42.8445224,250136705,Old Oaks Trail,footway
-72.7336981,42.8446483,250136705,Old Oaks Trail,footway
-72.7338569,42.8447741,250136705,Old Oaks Trail,footway
-72.7338998,42.8448921,250136705,Old Oaks Trail,footway
-72.7340178,42.8449787,250136705,Old Oaks Trail,footway
-72.7341487,42.8450573,250136705,Old Oaks Trail,footway
-72.7342539,42.8450731,250136705,Old Oaks Trail,footway
-72.7343826,42.8452461,250136705,Old Oaks Trail,footway
-72.7344577,42.8454034,250136705,Old Oaks Trail,footway
-72.7345543,42.8454664,250136705,Old Oaks Trail,footway
-72.7346637,42.8455765,250136705,Old Oaks Trail,footway
-72.7348332,42.845663,250136705,Old Oaks Trail,footway
-72.7350111,42.8456836,250136705,Old Oaks Trail,footway
-72.7350371,42.8456866,250136705,Old Oaks Trail,footway
-72.7334763,42.8516137,265941162,Town Trail,footway
-72.7334666,42.8516436,265941162,Town Trail,footway
-72.7334009,42.8516692,265941162,Town Trail,footway
-72.7333774,42.851681,265941162,Town Trail,footway
-72.733364,42.8517346,265941162,Town Trail,footway
-72.7333587,42.8517572,265941162,Town Trail,footway
-72.733309,42.8518599,265941162,Town Trail,footway
-72.7332936,42.8518801,265941162,Town Trail,footway
-72.7332695,42.8519445,265941162,Town Trail,footway
-72.7332239,42.8520413,265941162,Town Trail,footway
-72.7332091,42.8520866,265941162,Town Trail,footway
-72.733183,42.8521293,265941162,Town Trail,footway
-72.7331347,42.8522345,265941162,Town Trail,footway
-72.7331072,42.8522739,265941162,Town Trail,footway
-72.7330522,42.8524263,265941162,Town Trail,footway
-72.733012,42.8525069,265941162,Town Trail,footway
-72.7329697,42.8526607,265941162,Town Trail,footway
-72.7329429,42.8528161,265941162,Town Trail,footway
-72.7329449,42.8529316,265941162,Town Trail,footway
-72.7329221,42.8530162,265941162,Town Trail,footway
-72.7328511,42.8531533,265941162,Town Trail,footway
-72.732784,42.8533244,265941162,Town Trail,footway
-72.7327384,42.8534114,265941162,Town Trail,footway
-72.732723,42.8534433,265941162,Town Trail,footway
-72.7326787,42.8535564,265941162,Town Trail,footway
-72.7326479,42.8536478,265941162,Town Trail,footway
-72.7326144,42.8537058,265941162,Town Trail,footway
-72.7325842,42.8537722,265941162,Town Trail,footway
-72.7325553,42.8538543,265941162,Town Trail,footway
-72.7325413,42.8538907,265941162,Town Trail,footway
-72.732499,42.8539683,265941162,Town Trail,footway
-72.7324742,42.8540391,265941162,Town Trail,footway
-72.7324487,42.8540996,265941162,Town Trail,footway
-72.7324011,42.8541468,265941162,Town Trail,footway
-72.7323636,42.8542112,265941162,Town Trail,footway
-72.7323267,42.8542618,265941162,Town Trail,footway
-72.7323059,42.8542982,265941162,Town Trail,footway
-72.732259,42.8543385,265941162,Town Trail,footway
-72.7322067,42.8543764,265941162,Town Trail,footway
-72.732153,42.8544009,265941162,Town Trail,footway
-72.7321034,42.8544108,265941162,Town Trail,footway
-72.7320618,42.8544216,265941162,Town Trail,footway
-72.7319954,42.8544466,265941162,Town Trail,footway
-72.7319405,42.8544904,265941162,Town Trail,footway
-72.7318794,42.8545273,265941162,Town Trail,footway
-72.7318171,42.854571,265941162,Town Trail,footway
-72.7317245,42.8546207,265941162,Town Trail,footway
-72.7316709,42.8546664,265941162,Town Trail,footway
-72.7315864,42.8547205,265941162,Town Trail,footway
-72.7314959,42.8547888,265941162,Town Trail,footway
-72.7313819,42.8548768,265941162,Town Trail,footway
-72.731337,42.8548905,265941162,Town Trail,footway
-72.7312806,42.8549205,265941162,Town Trail,footway
-72.7312183,42.8549643,265941162,Town Trail,footway
-72.7312055,42.8549682,265941162,Town Trail,footway
-72.7311458,42.855009,265941162,Town Trail,footway
-72.7309836,42.8550714,265941162,Town Trail,footway
-72.7309158,42.855096,265941162,Town Trail,footway
-72.7308749,42.8551142,265941162,Town Trail,footway
-72.7308273,42.8551329,265941162,Town Trail,footway
-72.7307878,42.8551412,265941162,Town Trail,footway
-72.7307677,42.8551658,265941162,Town Trail,footway
-72.7306329,42.8552685,265941162,Town Trail,footway
-72.7304813,42.8553855,265941162,Town Trail,footway
-72.730476,42.85539,265941162,Town Trail,footway
-72.7303144,42.8554907,265941162,Town Trail,footway
-72.7301367,42.8555994,265941162,Town Trail,footway
-72.7300958,42.855619,265941162,Town Trail,footway
-72.7300341,42.8556593,265941162,Town Trail,footway
-72.7299818,42.8556888,265941162,Town Trail,footway
-72.7298946,42.8557513,265941162,Town Trail,footway
-72.7298524,42.8558279,265941162,Town Trail,footway
-72.7298081,42.8558756,265941162,Town Trail,footway
-72.7297699,42.8559415,265941162,Town Trail,footway
-72.729741,42.8560103,265941162,Town Trail,footway
-72.7296988,42.8560521,265941162,Town Trail,footway
-72.729619,42.856118,265941162,Town Trail,footway
-72.7295338,42.856202,265941162,Town Trail,footway
-72.7294601,42.856291,265941162,Town Trail,footway
-72.7294353,42.856317,265941162,Town Trail,footway
-72.7293937,42.8563362,265941162,Town Trail,footway
-72.7293561,42.85638,265941162,Town Trail,footway
-72.7293307,42.8564159,265941162,Town Trail,footway
-72.7292918,42.8564458,265941162,Town Trail,footway
-72.7292804,42.8564591,265941162,Town Trail,footway
-72.729271,42.8564886,265941162,Town Trail,footway
-72.7292033,42.8565668,265941162,Town Trail,footway
-72.7291892,42.8565913,265941162,Town Trail,footway
-72.7291168,42.8566887,265941162,Town Trail,footway
-72.7290591,42.8567442,265941162,Town Trail,footway
-72.7290296,42.8567884,265941162,Town Trail,footway
-72.7290168,42.8568248,265941162,Town Trail,footway
-72.7289974,42.8568494,265941162,Town Trail,footway
-72.7289867,42.8568691,265941162,Town Trail,footway
-72.7289511,42.8569128,265941162,Town Trail,footway
-72.7289196,42.8569659,265941162,Town Trail,footway
-72.7289002,42.8569826,265941162,Town Trail,footway
-72.7288707,42.8570539,265941162,Town Trail,footway
-72.7288324,42.8571021,265941162,Town Trail,footway
-72.728813,42.8571532,265941162,Town Trail,footway
-72.7288103,42.857165,265941162,Town Trail,footway
-72.7287895,42.8572225,265941162,Town Trail,footway
-72.7287828,42.8572579,265941162,Town Trail,footway
-72.7287392,42.8573547,265941162,Town Trail,footway
-72.7287057,42.8574108,265941162,Town Trail,footway
-72.7286621,42.8575243,265941162,Town Trail,footway
-72.7286132,42.8576187,265941162,Town Trail,footway
-72.7285991,42.8576374,265941162,Town Trail,footway
-72.7285568,42.8577671,265941162,Town Trail,footway
-72.7285515,42.8577784,265941162,Town Trail,footway
-72.7285139,42.8578369,265941162,Town Trail,footway
-72.7284891,42.8578753,265941162,Town Trail,footway
-72.7284616,42.8579465,265941162,Town Trail,footway
-72.7284073,42.8580193,265941162,Town Trail,footway
-72.7283517,42.8581392,265941162,Town Trail,footway
-72.7283014,42.8582302,265941162,Town Trail,footway
-72.7282812,42.8583009,265941162,Town Trail,footway
-72.7282766,42.8583634,265941162,Town Trail,footway
-72.7282692,42.8583924,265941162,Town Trail,footway
-72.7282591,42.8584572,265941162,Town Trail,footway
-72.728247,42.8585251,265941162,Town Trail,footway
-72.7282437,42.8585806,265941162,Town Trail,footway
-72.7282303,42.8587536,265941162,Town Trail,footway
-72.7282169,42.8588839,265941162,Town Trail,footway
-72.7282155,42.8589279,265941162,Town Trail,footway
-72.7281716,42.859053,265941162,Town Trail,footway
-72.7281639,42.8590962,265941162,Town Trail,footway
-72.7281626,42.8591338,265941162,Town Trail,footway
-72.7281585,42.8591579,265941162,Town Trail,footway
-72.7281575,42.8591675,265941162,Town Trail,footway
-72.7282035,42.8592024,265941162,Town Trail,footway
-72.7282108,42.859211,265941162,Town Trail,footway
-72.7282145,42.8592223,265941162,Town Trail,footway
-72.7282095,42.8592383,265941162,Town Trail,footway
-72.7282025,42.8592725,265941162,Town Trail,footway
-72.7281884,42.8593332,265941162,Town Trail,footway
-72.7281803,42.8593956,265941162,Town Trail,footway
-72.7281693,42.8594873,265941162,Town Trail,footway
-72.7281686,42.8595266,265941162,Town Trail,footway
-72.7281696,42.8595615,265941162,Town Trail,footway
-72.7281669,42.859577,265941162,Town Trail,footway
-72.7281696,42.859603,265941162,Town Trail,footway
-72.7281659,42.8596288,265941162,Town Trail,footway
-72.728176,42.8596817,265941162,Town Trail,footway
-72.7281924,42.8597134,265941162,Town Trail,footway
-72.7334666,42.8516436,265942726,Ho Chi Minh Trail,footway
-72.7336795,42.8516196,265942726,Ho Chi Minh Trail,footway
-72.7338297,42.8515724,265942726,Ho Chi Minh Trail,footway
-72.7341033,42.8515488,265942726,Ho Chi Minh Trail,footway
-72.7343608,42.8514701,265942726,Ho Chi Minh Trail,footway
-72.7345754,42.8513246,265942726,Ho Chi Minh Trail,footway
-72.7348221,42.8510729,265942726,Ho Chi Minh Trail,footway
-72.7349187,42.8509982,265942726,Ho Chi Minh Trail,footway
-72.7350528,42.850774,265942726,Ho Chi Minh Trail,footway
-72.7351601,42.8507347,265942726,Ho Chi Minh Trail,footway
-72.7354391,42.8509235,265942726,Ho Chi Minh Trail,footway
-72.7356697,42.8513049,265942726,Ho Chi Minh Trail,footway
-72.7357824,42.8517769,265942726,Ho Chi Minh Trail,footway
-72.7357717,42.8522016,265942726,Ho Chi Minh Trail,footway
-72.7356322,42.8527364,265942726,Ho Chi Minh Trail,footway
-72.7355142,42.8528898,265942726,Ho Chi Minh Trail,footway
-72.7354927,42.8530471,265942726,Ho Chi Minh Trail,footway
-72.7355249,42.8532438,265942726,Ho Chi Minh Trail,footway
-72.7356107,42.8533263,265942726,Ho Chi Minh Trail,footway
-72.7357019,42.8533696,265942726,Ho Chi Minh Trail,footway
-72.7358575,42.8533893,265942726,Ho Chi Minh Trail,footway
-72.7360184,42.8533657,265942726,Ho Chi Minh Trail,footway
-72.7362062,42.8533145,265942726,Ho Chi Minh Trail,footway
-72.7363188,42.8532752,265942726,Ho Chi Minh Trail,footway
-72.736528,42.8532674,265942726,Ho Chi Minh Trail,footway
-72.73663,42.8532477,265942726,Ho Chi Minh Trail,footway
-72.7367533,42.8531297,265942726,Ho Chi Minh Trail,footway
-72.7368553,42.8529763,265942726,Ho Chi Minh Trail,footway
-72.7369894,42.8529291,265942726,Ho Chi Minh Trail,footway
-72.7371396,42.8529291,265942726,Ho Chi Minh Trail,footway
-72.7373166,42.8528859,265942726,Ho Chi Minh Trail,footway
-72.7374132,42.8527994,265942726,Ho Chi Minh Trail,footway
-72.7376599,42.8527443,265942726,Ho Chi Minh Trail,footway
-72.7378906,42.8525909,265942726,Ho Chi Minh Trail,footway
-72.7379872,42.852473,265942726,Ho Chi Minh Trail,footway
-72.7380247,42.8523825,265942726,Ho Chi Minh Trail,footway
-72.7380086,42.8523078,265942726,Ho Chi Minh Trail,footway
-72.7379389,42.8521662,265942726,Ho Chi Minh Trail,footway
-72.7378691,42.8520325,265942726,Ho Chi Minh Trail,footway
-72.737853,42.8519342,265942726,Ho Chi Minh Trail,footway
-72.7379013,42.8518201,265942726,Ho Chi Minh Trail,footway
-72.7379979,42.8517139,265942726,Ho Chi Minh Trail,footway
-72.7381535,42.8515842,265942726,Ho Chi Minh Trail,footway
-72.7383466,42.8514229,265942726,Ho Chi Minh Trail,footway
-72.7384217,42.8513285,265942726,Ho Chi Minh Trail,footway
-72.7384968,42.8511555,265942726,Ho Chi Minh Trail,footway
-72.7386094,42.8510257,265942726,Ho Chi Minh Trail,footway
-72.7387221,42.8509824,265942726,Ho Chi Minh Trail,footway
-72.7388562,42.8509313,265942726,Ho Chi Minh Trail,footway
-72.7388991,42.8508527,265942726,Ho Chi Minh Trail,footway
-72.739103,42.8507308,265942726,Ho Chi Minh Trail,footway
-72.7392371,42.8506285,265942726,Ho Chi Minh Trail,footway
-72.7393819,42.8505302,265942726,Ho Chi Minh Trail,footway
-72.7395214,42.8504594,265942726,Ho Chi Minh Trail,footway
-72.7395643,42.8503493,265942726,Ho Chi Minh Trail,footway
-72.7396233,42.8503257,265942726,Ho Chi Minh Trail,footway
-72.7396233,42.8502785,265942726,Ho Chi Minh Trail,footway
-72.7395375,42.8501998,265942726,Ho Chi Minh Trail,footway
-72.7393873,42.8499717,265942726,Ho Chi Minh Trail,footway
-72.7391995,42.8497397,265942726,Ho Chi Minh Trail,footway
-72.7391351,42.8496374,265942726,Ho Chi Minh Trail,footway
-72.7391512,42.8495234,265942726,Ho Chi Minh Trail,footway
-72.7390922,42.8492284,265942726,Ho Chi Minh Trail,footway
-72.7389581,42.848957,265942726,Ho Chi Minh Trail,footway
-72.7389152,42.8487132,265942726,Ho Chi Minh Trail,footway
-72.7389742,42.848489,265942726,Ho Chi Minh Trail,footway
-72.7390225,42.8482648,265942726,Ho Chi Minh Trail,footway
-72.7391298,42.8481468,265942726,Ho Chi Minh Trail,footway
-72.7393336,42.8480249,265942726,Ho Chi Minh Trail,footway
-72.7395482,42.8479384,265942726,Ho Chi Minh Trail,footway
-72.739854,42.8478204,265942726,Ho Chi Minh Trail,footway
-72.7399237,42.8477771,265942726,Ho Chi Minh Trail,footway
-72.7399398,42.8476631,265942726,Ho Chi Minh Trail,footway
-72.7399613,42.8475018,265942726,Ho Chi Minh Trail,footway
-72.7400417,42.8473052,265942726,Ho Chi Minh Trail,footway
-72.7401705,42.8470299,265942726,Ho Chi Minh Trail,footway
-72.7403046,42.8468293,265942726,Ho Chi Minh Trail,footway
-72.740377,42.8467054,265942726,Ho Chi Minh Trail,footway
-72.7404655,42.8464261,265942726,Ho Chi Minh Trail,footway
-72.7405433,42.8462551,265942726,Ho Chi Minh Trail,footway
-72.7406586,42.8461174,265942726,Ho Chi Minh Trail,footway
-72.740672,42.8460938,265942726,Ho Chi Minh Trail,footway
-72.7407713,42.8460073,265942726,Ho Chi Minh Trail,footway
-72.7409269,42.8458676,265942726,Ho Chi Minh Trail,footway
-72.7410476,42.8456887,265942726,Ho Chi Minh Trail,footway
-72.7411253,42.8453878,265942726,Ho Chi Minh Trail,footway
-72.7411629,42.8452285,265942726,Ho Chi Minh Trail,footway
-72.7414097,42.8446425,265942726,Ho Chi Minh Trail,footway
-72.7415009,42.8444537,265942726,Ho Chi Minh Trail,footway
-72.7416108,42.844082,265942726,Ho Chi Minh Trail,footway
-72.7415974,42.8439325,265942726,Ho Chi Minh Trail,footway
-72.7415867,42.8437614,265942726,Ho Chi Minh Trail,footway
-72.7416403,42.8435943,265942726,Ho Chi Minh Trail,footway
-72.7416698,42.843431,265942726,Ho Chi Minh Trail,footway
-72.7416993,42.8433543,265942726,Ho Chi Minh Trail,footway
-72.7417637,42.8432363,265942726,Ho Chi Minh Trail,footway
-72.7418388,42.8429708,265942726,Ho Chi Minh Trail,footway
-72.7419381,42.842786,265942726,Ho Chi Minh Trail,footway
-72.7419461,42.8426463,265942726,Ho Chi Minh Trail,footway
-72.7420105,42.8424221,265942726,Ho Chi Minh Trail,footway
-72.7420132,42.8422451,265942726,Ho Chi Minh Trail,footway
-72.7419729,42.842015,265942726,Ho Chi Minh Trail,footway
-72.7419179,42.8418911,265942726,Ho Chi Minh Trail,footway
-72.7419085,42.841722,265942726,Ho Chi Minh Trail,footway
-72.7418938,42.8415588,265942726,Ho Chi Minh Trail,footway
-72.7418884,42.8414457,265942726,Ho Chi Minh Trail,footway
-72.7418415,42.8413237,265942726,Ho Chi Minh Trail,footway
-72.7417999,42.8412441,265942726,Ho Chi Minh Trail,footway
-72.7417677,42.8410897,265942726,Ho Chi Minh Trail,footway
-72.7417007,42.8408458,265942726,Ho Chi Minh Trail,footway
-72.741643,42.8407259,265942726,Ho Chi Minh Trail,footway
-72.7416363,42.8407023,265942726,Ho Chi Minh Trail,footway
-72.7416417,42.8406728,265942726,Ho Chi Minh Trail,footway
-72.741643,42.8406452,265942726,Ho Chi Minh Trail,footway
-72.7416229,42.8405282,265942726,Ho Chi Minh Trail,footway
-72.7416323,42.8404899,265942726,Ho Chi Minh Trail,footway
-72.7416443,42.8404722,265942726,Ho Chi Minh Trail,footway
-72.7416376,42.8404328,265942726,Ho Chi Minh Trail,footway
-72.7416376,42.8403856,265942726,Ho Chi Minh Trail,footway
-72.7416108,42.8403129,265942726,Ho Chi Minh Trail,footway
-72.7415813,42.8402234,265942726,Ho Chi Minh Trail,footway
-72.741584,42.8401732,265942726,Ho Chi Minh Trail,footway
-72.741588,42.8401329,265942726,Ho Chi Minh Trail,footway
-72.741592,42.8400759,265942726,Ho Chi Minh Trail,footway
-72.7416108,42.8400237,265942726,Ho Chi Minh Trail,footway
-72.741647,42.8399274,265942726,Ho Chi Minh Trail,footway
-72.7416698,42.8398871,265942726,Ho Chi Minh Trail,footway
-72.7416685,42.8398418,265942726,Ho Chi Minh Trail,footway
-72.7416658,42.8396864,265942726,Ho Chi Minh Trail,footway
-72.7416618,42.8396324,265942726,Ho Chi Minh Trail,footway
-72.7416859,42.8395714,265942726,Ho Chi Minh Trail,footway
-72.741706,42.8395439,265942726,Ho Chi Minh Trail,footway
-72.7417007,42.8395085,265942726,Ho Chi Minh Trail,footway
-72.7416725,42.8393855,265942726,Ho Chi Minh Trail,footway
-72.7416658,42.8393029,265942726,Ho Chi Minh Trail,footway
-72.7416484,42.8392479,265942726,Ho Chi Minh Trail,footway
-72.7416712,42.8392174,265942726,Ho Chi Minh Trail,footway
-72.7416779,42.8392007,265942726,Ho Chi Minh Trail,footway
-72.7416645,42.8391603,265942726,Ho Chi Minh Trail,footway
-72.7416779,42.8390984,265942726,Ho Chi Minh Trail,footway
-72.7416993,42.8390325,265942726,Ho Chi Minh Trail,footway
-72.7417087,42.8389951,265942726,Ho Chi Minh Trail,footway
-72.7417436,42.8389401,265942726,Ho Chi Minh Trail,footway
-72.7417624,42.8388909,265942726,Ho Chi Minh Trail,footway
-72.7417758,42.8388575,265942726,Ho Chi Minh Trail,footway
-72.7417878,42.8388162,265942726,Ho Chi Minh Trail,footway
-72.7418026,42.8387857,265942726,Ho Chi Minh Trail,footway
-72.7417999,42.8387611,265942726,Ho Chi Minh Trail,footway
-72.7417758,42.838707,265942726,Ho Chi Minh Trail,footway
-72.7417731,42.8386047,265942726,Ho Chi Minh Trail,footway
-72.7417865,42.8385379,265942726,Ho Chi Minh Trail,footway
-72.7417827,42.8385062,265942726,Ho Chi Minh Trail,footway
-72.7355855,42.8446759,305781076,,footway
-72.7355117,42.8447408,305781076,,footway
-72.7354728,42.8447959,305781076,,footway
-72.7354286,42.8448362,305781076,,footway
-72.7353789,42.8448873,305781076,,footway
-72.7353159,42.8449689,305781076,,footway
-72.7352783,42.8450417,305781076,,footway
-72.7352502,42.8451361,305781076,,footway
-72.735226,42.845198,305781076,,footway
-72.7352046,42.8452315,305781076,,footway
-72.7351684,42.8452698,305781076,,footway
-72.7351,42.8453357,305781076,,footway
-72.7350651,42.845374,305781076,,footway
-72.7350544,42.8454055,305781076,,footway
-72.7350383,42.8454625,305781076,,footway
-72.7350276,42.8454989,305781076,,footway
-72.7350262,42.845556,305781076,,footway
-72.7350155,42.8456307,305781076,,footway
-72.7350111,42.8456836,305781076,,footway
-72.7270064,42.8392036,305782768,,footway
-72.7270788,42.8393354,305782768,,footway
-72.7271352,42.8394278,305782768,,footway
-72.7272988,42.8395006,305782768,,footway
-72.7274999,42.8395124,305782768,,footway
-72.7276206,42.8395439,305782768,,footway
-72.7276931,42.8396088,305782768,,footway
-72.7277119,42.8396381,305782768,,footway
-72.7277333,42.8396717,305782768,,footway
-72.7278915,42.8397681,305782768,,footway
-72.727972,42.8398271,305782768,,footway
-72.7280042,42.8398939,305782768,,footway
-72.7280122,42.8399706,305782768,,footway
-72.7279747,42.8400906,305782768,,footway
-72.7279532,42.8402126,305782768,,footway
-72.7279506,42.8402952,305782768,,footway
-72.7279559,42.8403856,305782768,,footway
-72.7279827,42.8404722,305782768,,footway
-72.727964,42.8405587,305782768,,footway
-72.7279532,42.8406511,305782768,,footway
-72.727972,42.840775,305782768,,footway
-72.7279881,42.8408458,305782768,,footway
-72.7280149,42.8408989,305782768,,footway
-72.7280391,42.8409363,305782768,,footway
-72.7280739,42.8409461,305782768,,footway
-72.7281061,42.8409461,305782768,,footway
-72.7281356,42.8409343,305782768,,footway
-72.7281678,42.8409088,305782768,,footway
-72.728208,42.8408557,305782768,,footway
-72.7282456,42.840777,305782768,,footway
-72.7283207,42.8407377,305782768,,footway
-72.7284468,42.8407141,305782768,,footway
-72.7285889,42.8407042,305782768,,footway
-72.728715,42.8407062,305782768,,footway
-72.7287499,42.840718,305782768,,footway
-72.7287659,42.8407357,305782768,,footway
-72.7287633,42.8407652,305782768,,footway
-72.7287284,42.8408065,305782768,,footway
-72.728664,42.8408557,305782768,,footway
-72.7285996,42.8409717,305782768,,footway
-72.7285648,42.8411035,305782768,,footway
-72.7285675,42.8411881,305782768,,footway
-72.7285996,42.8412982,305782768,,footway
-72.7286908,42.8414162,305782768,,footway
-72.7288008,42.8415224,305782768,,footway
-72.7288625,42.8416168,305782768,,footway
-72.7288813,42.8417053,305782768,,footway
-72.7289081,42.8417958,305782768,,footway
-72.7289269,42.8418862,305782768,,footway
-72.7289161,42.8419472,305782768,,footway
-72.7289564,42.8420809,305782768,,footway
-72.7290556,42.8422324,305782768,,footway
-72.729128,42.8423327,305782768,,footway
-72.7291575,42.842431,305782768,,footway
-72.7292166,42.8425588,305782768,,footway
-72.7293078,42.8427004,305782768,,footway
-72.7293131,42.8428086,305782768,,footway
-72.7293078,42.8429443,305782768,,footway
-72.7293319,42.8430092,305782768,,footway
-72.7293721,42.8430643,305782768,,footway
-72.7294526,42.843139,305782768,,footway
-72.729517,42.8431803,305782768,,footway
-72.7297047,42.8432688,305782768,,footway
-72.7297771,42.8433219,305782768,,footway
-72.7298254,42.8433789,305782768,,footway
-72.7298872,42.8434604,305782768,,footway
-72.7277119,42.8396381,305783317,,footway
-72.7277843,42.8396186,305783317,,footway
-72.7278835,42.8396009,305783317,,footway
-72.7280257,42.839597,305783317,,footway
-72.7281356,42.8395832,305783317,,footway
-72.7282483,42.8395281,305783317,,footway
-72.7283422,42.8394475,305783317,,footway
-72.7284682,42.8393334,305783317,,footway
-72.7285594,42.8392882,305783317,,footway
-72.728715,42.8392843,305783317,,footway
-72.7288223,42.8392862,305783317,,footway
-72.7289376,42.8392784,305783317,,footway
-72.7290368,42.8392646,305783317,,footway
-72.7291146,42.8392725,305783317,,footway
-72.7291629,42.8392941,305783317,,footway
-72.7291978,42.8393354,305783317,,footway
-72.7292327,42.8394003,305783317,,footway
-72.7292192,42.8395321,305783317,,footway
-72.7291817,42.8396973,305783317,,footway
-72.7291415,42.839833,305783317,,footway
-72.7291522,42.8398762,305783317,,footway
-72.7291441,42.8399038,305783317,,footway
-72.7290878,42.8399254,305783317,,footway
-72.7290529,42.8399588,305783317,,footway
-72.7290315,42.8400395,305783317,,footway
-72.729002,42.8401142,305783317,,footway
-72.7289081,42.8402539,305783317,,footway
-72.728825,42.8404427,305783317,,footway
-72.728774,42.8405272,305783317,,footway
-72.7287874,42.8406059,305783317,,footway
-72.7288598,42.8407023,305783317,,footway
-72.7289376,42.8407672,305783317,,footway
-72.7290342,42.8408557,305783317,,footway
-72.7291307,42.8409029,305783317,,footway
-72.7291844,42.8409107,305783317,,footway
-72.7292648,42.8409068,305783317,,footway
-72.7294016,42.8409166,305783317,,footway
-72.7294928,42.8409088,305783317,,footway
-72.7296001,42.840895,305783317,,footway
-72.7296994,42.8409166,305783317,,footway
-72.7297637,42.8409717,305783317,,footway
-72.729804,42.8410327,305783317,,footway
-72.7298791,42.8410622,305783317,,footway
-72.7299729,42.841074,305783317,,footway
-72.7301285,42.8410858,305783317,,footway
-72.7302975,42.8410779,305783317,,footway
-72.7303914,42.8410937,305783317,,footway
-72.7304799,42.8411291,305783317,,footway
-72.730563,42.8412018,305783317,,footway
-72.7306703,42.841249,305783317,,footway
-72.7307722,42.841312,305783317,,footway
-72.7308956,42.8413316,305783317,,footway
-72.7309734,42.8413277,305783317,,footway
-72.7310539,42.8412903,305783317,,footway
-72.7310968,42.8412294,305783317,,footway
-72.7311397,42.841194,305783317,,footway
-72.7312148,42.8411586,305783317,,footway
-72.7313114,42.8411409,305783317,,footway
-72.7313972,42.841133,305783317,,footway
-72.7315447,42.8411212,305783317,,footway
-72.731644,42.8410897,305783317,,footway
-72.7316811,42.8410768,305783317,,footway
-72.7318854,42.8410768,305783317,,footway
-72.7319551,42.8409992,305783317,,footway
-72.7320865,42.8408596,305783317,,footway
-72.7321777,42.8407475,305783317,,footway
-72.7322555,42.8406688,305783317,,footway
-72.7323601,42.8406118,305783317,,footway
-72.7324728,42.8405784,305783317,,footway
-72.7325666,42.8405272,305783317,,footway
-72.7336812,42.8384705,306520074,Lower Loop,footway
-72.7337,42.8382896,306520074,Lower Loop,footway
-72.7336946,42.8382463,306520074,Lower Loop,footway
-72.7336544,42.8381243,306520074,Lower Loop,footway
-72.7336142,42.838028,306520074,Lower Loop,footway
-72.7335954,42.8379513,306520074,Lower Loop,footway
-72.733531,42.83779,306520074,Lower Loop,footway
-72.7334532,42.837672,306520074,Lower Loop,footway
-72.7334076,42.8376169,306520074,Lower Loop,footway
-72.7333245,42.8375245,306520074,Lower Loop,footway
-72.733244,42.837434,306520074,Lower Loop,footway
-72.733177,42.8372924,306520074,Lower Loop,footway
-72.7331501,42.8371842,306520074,Lower Loop,footway
-72.7331314,42.8371036,306520074,Lower Loop,footway
-72.7331045,42.8370741,306520074,Lower Loop,footway
-72.7330724,42.8370544,306520074,Lower Loop,footway
-72.7330563,42.8370131,306520074,Lower Loop,footway
-72.7330429,42.8369285,306520074,Lower Loop,footway
-72.7330429,42.8368656,306520074,Lower Loop,footway
-72.7330724,42.8367692,306520074,Lower Loop,footway
-72.7331099,42.8366787,306520074,Lower Loop,footway
-72.7331582,42.8365725,306520074,Lower Loop,footway
-72.7331609,42.8365371,306520074,Lower Loop,footway
-72.7331931,42.8364938,306520074,Lower Loop,footway
-72.7332869,42.8363935,306520074,Lower Loop,footway
-72.7333755,42.8362657,306520074,Lower Loop,footway
-72.733464,42.8361496,306520074,Lower Loop,footway
-72.7335417,42.8360257,306520074,Lower Loop,footway
-72.7336705,42.8359116,306520074,Lower Loop,footway
-72.7337724,42.8358074,306520074,Lower Loop,footway
-72.7338368,42.8357563,306520074,Lower Loop,footway
-72.7338931,42.835654,306520074,Lower Loop,footway
-72.7339012,42.8355714,306520074,Lower Loop,footway
-72.7339307,42.8354573,306520074,Lower Loop,footway
-72.7339736,42.8353452,306520074,Lower Loop,footway
-72.7340031,42.8352114,306520074,Lower Loop,footway
-72.733995,42.8350797,306520074,Lower Loop,footway
-72.7339602,42.8349518,306520074,Lower Loop,footway
-72.7339682,42.8347846,306520074,Lower Loop,footway
-72.7339521,42.834643,306520074,Lower Loop,footway
-72.7339843,42.8344522,306520074,Lower Loop,footway
-72.7340165,42.8342831,306520074,Lower Loop,footway
-72.7340675,42.8341375,306520074,Lower Loop,footway
-72.7341131,42.8340136,306520074,Lower Loop,footway
-72.7341292,42.8339054,306520074,Lower Loop,footway
-72.7341748,42.8337343,306520074,Lower Loop,footway
-72.7342096,42.8335868,306520074,Lower Loop,footway
-72.7342123,42.8335159,306520074,Lower Loop,footway
-72.7341962,42.8334766,306520074,Lower Loop,footway
-72.7341694,42.8334333,306520074,Lower Loop,footway
-72.7341426,42.8334196,306520074,Lower Loop,footway
-72.7341399,42.8333999,306520074,Lower Loop,footway
-72.7341452,42.8333625,306520074,Lower Loop,footway
-72.7341077,42.8332484,306520074,Lower Loop,footway
-72.7340728,42.8331678,306520074,Lower Loop,footway
-72.7340675,42.8330281,306520074,Lower Loop,footway
-72.7340782,42.8328983,306520074,Lower Loop,footway
-72.7341131,42.832741,306520074,Lower Loop,footway
-72.7341479,42.8325993,306520074,Lower Loop,footway
-72.7341399,42.832503,306520074,Lower Loop,footway
-72.7341506,42.8324321,306520074,Lower Loop,footway
-72.7341506,42.8322728,306520074,Lower Loop,footway
-72.7341694,42.8321882,306520074,Lower Loop,footway
-72.7341613,42.8321194,306520074,Lower Loop,footway
-72.7341613,42.8319758,306520074,Lower Loop,footway
-72.7341667,42.8318814,306520074,Lower Loop,footway
-72.7341855,42.8317496,306520074,Lower Loop,footway
-72.7342177,42.8316926,306520074,Lower Loop,footway
-72.7342847,42.8316394,306520074,Lower Loop,footway
-72.7343384,42.8315726,306520074,Lower Loop,footway
-72.7343786,42.8315077,306520074,Lower Loop,footway
-72.7343974,42.831429,306520074,Lower Loop,footway
-72.7344242,42.8313129,306520074,Lower Loop,footway
-72.7344349,42.8311811,306520074,Lower Loop,footway
-72.7344913,42.8310887,306520074,Lower Loop,footway
-72.7345556,42.8309726,306520074,Lower Loop,footway
-72.7345932,42.8309195,306520074,Lower Loop,footway
-72.734612,42.8308094,306520074,Lower Loop,footway
-72.7346468,42.8306107,306520074,Lower Loop,footway
-72.734679,42.8304868,306520074,Lower Loop,footway
-72.7347434,42.8303215,306520074,Lower Loop,footway
-72.7347863,42.8301897,306520074,Lower Loop,footway
-72.7348507,42.8300422,306520074,Lower Loop,footway
-72.7348507,42.8300048,306520074,Lower Loop,footway
-72.7348426,42.8299498,306520074,Lower Loop,footway
-72.7348587,42.8299006,306520074,Lower Loop,footway
-72.7348802,42.8298022,306520074,Lower Loop,footway
-72.7349097,42.8297314,306520074,Lower Loop,footway
-72.7349392,42.8296862,306520074,Lower Loop,footway
-72.734958,42.8296409,306520074,Lower Loop,footway
-72.7349714,42.8295288,306520074,Lower Loop,footway
-72.7349821,42.829395,306520074,Lower Loop,footway
-72.735017,42.8293124,306520074,Lower Loop,footway
-72.7350384,42.829218,306520074,Lower Loop,footway
-72.7350652,42.8290567,306520074,Lower Loop,footway
-72.7350652,42.8289957,306520074,Lower Loop,footway
-72.7350277,42.8289092,306520074,Lower Loop,footway
-72.7349714,42.8287853,306520074,Lower Loop,footway
-72.7348748,42.8286574,306520074,Lower Loop,footway
-72.734848,42.8286003,306520074,Lower Loop,footway
-72.7348238,42.8285158,306520074,Lower Loop,footway
-72.7348238,42.8284351,306520074,Lower Loop,footway
-72.7348426,42.8282659,306520074,Lower Loop,footway
-72.734848,42.8281381,306520074,Lower Loop,footway
-72.7348346,42.8280594,306520074,Lower Loop,footway
-72.734848,42.8279138,306520074,Lower Loop,footway
-72.7348882,42.8277525,306520074,Lower Loop,footway
-72.7349499,42.8275597,306520074,Lower Loop,footway
-72.7350357,42.8273906,306520074,Lower Loop,footway
-72.7351216,42.827302,306520074,Lower Loop,footway
-72.7352637,42.8271545,306520074,Lower Loop,footway
-72.7353335,42.8270483,306520074,Lower Loop,footway
-72.735371,42.8269578,306520074,Lower Loop,footway
-72.7354461,42.8268948,306520074,Lower Loop,footway
-72.7355427,42.8268417,306520074,Lower Loop,footway
-72.7356419,42.8268103,306520074,Lower Loop,footway
-72.7357492,42.826824,306520074,Lower Loop,footway
-72.7358136,42.8268339,306520074,Lower Loop,footway
-72.735878,42.8268221,306520074,Lower Loop,footway
-72.7359289,42.826824,306520074,Lower Loop,footway
-72.735945,42.8268378,306520074,Lower Loop,footway
-72.7359316,42.8268535,306520074,Lower Loop,footway
-72.7359155,42.8269007,306520074,Lower Loop,footway
-72.7359316,42.8269814,306520074,Lower Loop,footway
-72.7359128,42.8270207,306520074,Lower Loop,footway
-72.7358753,42.8271565,306520074,Lower Loop,footway
-72.735835,42.8272607,306520074,Lower Loop,footway
-72.7358297,42.8273788,306520074,Lower Loop,footway
-72.735827,42.8278784,306520074,Lower Loop,footway
-72.7358216,42.8280928,306520074,Lower Loop,footway
-72.7358109,42.8283072,306520074,Lower Loop,footway
-72.7358672,42.8284685,306520074,Lower Loop,footway
-72.7358699,42.8286043,306520074,Lower Loop,footway
-72.7358404,42.8287125,306520074,Lower Loop,footway
-72.7358458,42.8289288,306520074,Lower Loop,footway
-72.7358458,42.8291393,306520074,Lower Loop,footway
-72.7358458,42.8292554,306520074,Lower Loop,footway
-72.7358699,42.8293301,306520074,Lower Loop,footway
-72.7358699,42.8293773,306520074,Lower Loop,footway
-72.7358163,42.8294246,306520074,Lower Loop,footway
-72.7357733,42.8294993,306520074,Lower Loop,footway
-72.7357707,42.8295367,306520074,Lower Loop,footway
-72.7358082,42.8296586,306520074,Lower Loop,footway
-72.735835,42.8298475,306520074,Lower Loop,footway
-72.7358404,42.8300127,306520074,Lower Loop,footway
-72.7358699,42.8301189,306520074,Lower Loop,footway
-72.7359236,42.8302389,306520074,Lower Loop,footway
-72.7359557,42.8302881,306520074,Lower Loop,footway
-72.736122,42.8305064,306520074,Lower Loop,footway
-72.736173,42.8306068,306520074,Lower Loop,footway
-72.7361864,42.8306658,306520074,Lower Loop,footway
-72.7362293,42.830829,306520074,Lower Loop,footway
-72.7362722,42.8309077,306520074,Lower Loop,footway
-72.7362722,42.8310375,306520074,Lower Loop,footway
-72.736232,42.8311634,306520074,Lower Loop,footway
-72.7362454,42.8312913,306520074,Lower Loop,footway
-72.7363312,42.8314959,306520074,Lower Loop,footway
-72.7363581,42.8315549,306520074,Lower Loop,footway
-72.7363661,42.8316394,306520074,Lower Loop,footway
-72.7363822,42.8316886,306520074,Lower Loop,footway
-72.7364037,42.8317319,306520074,Lower Loop,footway
-72.7363983,42.831785,306520074,Lower Loop,footway
-72.7363312,42.8320269,306520074,Lower Loop,footway
-72.7362803,42.8322177,306520074,Lower Loop,footway
-72.7362454,42.8322905,306520074,Lower Loop,footway
-72.7362293,42.8323495,306520074,Lower Loop,footway
-72.73635,42.8325541,306520074,Lower Loop,footway
-72.736409,42.8326269,306520074,Lower Loop,footway
-72.7364278,42.8327331,306520074,Lower Loop,footway
-72.7364519,42.832861,306520074,Lower Loop,footway
-72.7364868,42.8330222,306520074,Lower Loop,footway
-72.7364868,42.8330931,306520074,Lower Loop,footway
-72.7364439,42.8332779,306520074,Lower Loop,footway
-72.73646,42.8334255,306520074,Lower Loop,footway
-72.7364654,42.8335828,306520074,Lower Loop,footway
-72.7364975,42.8336497,306520074,Lower Loop,footway
-72.7365405,42.8337225,306520074,Lower Loop,footway
-72.736637,42.8337992,306520074,Lower Loop,footway
-72.7367631,42.8339054,306520074,Lower Loop,footway
-72.7368704,42.8339959,306520074,Lower Loop,footway
-72.7369213,42.8340706,306520074,Lower Loop,footway
-72.7370581,42.8341316,306520074,Lower Loop,footway
-72.7371681,42.8341414,306520074,Lower Loop,footway
-72.7373398,42.8341414,306520074,Lower Loop,footway
-72.7374766,42.8341591,306520074,Lower Loop,footway
-72.7377528,42.8341532,306520074,Lower Loop,footway
-72.7380264,42.8341572,306520074,Lower Loop,footway
-72.7382142,42.8341827,306520074,Lower Loop,footway
-72.7383322,42.8342044,306520074,Lower Loop,footway
-72.7383697,42.8341985,306520074,Lower Loop,footway
-72.7384073,42.8341749,306520074,Lower Loop,footway
-72.7384851,42.8341473,306520074,Lower Loop,footway
-72.7385789,42.8341218,306520074,Lower Loop,footway
-72.738654,42.8341159,306520074,Lower Loop,footway
-72.7387399,42.8341355,306520074,Lower Loop,footway
-72.7388042,42.834167,306520074,Lower Loop,footway
-72.7388793,42.8342791,306520074,Lower Loop,footway
-72.7389491,42.8344365,306520074,Lower Loop,footway
-72.7390376,42.8346135,306520074,Lower Loop,footway
-72.7391342,42.8347827,306520074,Lower Loop,footway
-72.7392146,42.834881,306520074,Lower Loop,footway
-72.7392736,42.8349321,306520074,Lower Loop,footway
-72.7394909,42.8350738,306520074,Lower Loop,footway
-72.739515,42.835121,306520074,Lower Loop,footway
-72.7395499,42.8352331,306520074,Lower Loop,footway
-72.7395365,42.8352763,306520074,Lower Loop,footway
-72.7395177,42.8355045,306520074,Lower Loop,footway
-72.7395392,42.8356265,306520074,Lower Loop,footway
-72.7395767,42.8357425,306520074,Lower Loop,footway
-72.7395579,42.8358271,306520074,Lower Loop,footway
-72.7395311,42.83589,306520074,Lower Loop,footway
-72.7394963,42.8359313,306520074,Lower Loop,footway
-72.7394694,42.83613,306520074,Lower Loop,footway
-72.7394775,42.8362775,306520074,Lower Loop,footway
-72.7395445,42.8365115,306520074,Lower Loop,footway
-72.739676,42.8368498,306520074,Lower Loop,footway
-72.7396947,42.8369698,306520074,Lower Loop,footway
-72.7397081,42.8370937,306520074,Lower Loop,footway
-72.739676,42.8373022,306520074,Lower Loop,footway
-72.739617,42.8374222,306520074,Lower Loop,footway
